uf_sigla,uf_nome,regiao_nome,ubs_records,population,area_km2,ubs_per_10k_population,ubs_per_1000_km2,cobertura_aps_ponderada_capped_pct,active_with_recent_sia_production_pct,spatial_issue_pct,population_density,ubs_population_gap,aps_coverage_gap,operational_gap,spatial_quality_gap,territorial_vulnerability_proxy,robust_priority_balanced,robust_priority_coverage_led,robust_priority_operations_led,robust_priority_data_quality_led,robust_priority_vulnerability_led,robust_priority_min,robust_priority_max,robust_priority_range,rank_min,rank_max,rank_range,priority_stability_flag
DF,Distrito Federal,Centro-Oeste,210,2817381.0,5760.784,0.7453730965034548,36.45337162441778,76.43370697510994,0.0,5.687203791469194,489.0620790503515,0.962962962962963,0.2356629302489006,1.0,0.05687203791469195,0.5185185185185186,58.59650567679475,51.66453722048788,68.47995275501206,45.34356518260554,59.218060531034546,45.34356518260554,68.47995275501206,23.136387572406527,1.0,1.0,0.0,stable
SP,São Paulo,Sudeste,5824,44356876.0,246710.738,1.3129869650874422,23.606593078246963,66.46261686446205,31.473214285714285,8.653846153846153,179.79304978610213,0.9259259259259259,0.3353738313553795,0.6852678571428572,0.08653846153846154,0.5740740740740741,55.14703910907781,50.343791776803705,58.04146034412822,43.93710289602076,57.16277826232113,43.93710289602076,58.04146034412822,14.104357448107457,2.0,2.0,0.0,stable
RJ,Rio de Janeiro,Sudeste,2371,15832337.0,41786.319,1.4975679206424168,56.74105919691083,76.27252682723076,29.77646562631801,15.47870097005483,378.8880518525692,0.8888888888888888,0.23727473172769237,0.7022353437368198,0.1547870097005483,0.48148148148148145,51.74282475788138,45.76644735055481,55.99558081475562,42.742007545155346,52.386445741259514,42.742007545155346,55.99558081475562,13.253573269600274,3.0,3.0,0.0,stable
AM,Amazonas,Norte,706,3877709.0,1520454.917,1.8206626644753383,0.4643347146346201,79.34258296164401,36.96883852691218,1.9830028328611895,2.5503610509222354,0.8518518518518519,0.20657417038355988,0.6303116147308783,0.019830028328611894,0.5,46.86433327543204,41.17986955377488,50.502093329415885,36.07008199797112,49.16896983765216,36.07008199797112,50.502093329415885,14.432011331444762,4.0,10.0,6.0,moderate
RS,Rio Grande do Sul,Sul,2340,10594890.0,248986.358,2.208611887428751,9.398105256834995,86.85456309783203,18.63247863247864,9.05982905982906,42.55209034384124,0.7037037037037037,0.13145436902167973,0.8136752136752136,0.0905982905982906,0.5185185185185186,46.28920822839099,39.88039698308941,54.88925556546715,37.373016249227845,49.32686240307399,37.373016249227845,54.88925556546715,17.516239316239307,4.0,6.0,2.0,stable
GO,Goiás,Centro-Oeste,1611,7047582.0,339057.727,2.285890394748156,4.751403291274939,78.41283615114534,31.22284295468653,7.697082557417753,20.785787902129126,0.6666666666666667,0.21587163848854657,0.6877715704531346,0.07697082557417753,0.537037037037037,45.029006977111244,40.38284815903286,50.764646662253796,36.2640259297895,48.47714407586853,36.2640259297895,50.764646662253796,14.500620732464299,5.0,9.0,4.0,moderate
PA,Pará,Norte,1852,8044522.0,1232380.097,2.302187749626392,1.502783114161247,88.50992201134716,11.663066954643629,5.993520518358531,6.527630574027357,0.6296296296296297,0.11490077988652843,0.8833693304535637,0.05993520518358531,0.5185185185185185,44.957452702506785,38.77145716138386,55.67776527385864,35.644227956844006,48.42558544824469,35.644227956844006,55.67776527385864,20.033537317014634,4.0,8.0,4.0,moderate
AP,Amapá,Norte,162,733759.0,142470.762,2.207809376103053,1.137075409198696,98.28856676300686,21.604938271604937,10.493827160493826,5.150242686285345,0.7407407407407407,0.017114332369931446,0.7839506172839507,0.10493827160493825,0.537037037037037,44.255018803075444,35.832721442945406,52.70311971105382,36.3450950196958,48.29571230364642,35.832721442945406,52.70311971105382,16.870398268108417,5.0,11.0,6.0,moderate
RO,Rondônia,Norte,341,1581196.0,237754.173,2.1565953872891157,1.4342545314651531,85.40711778304176,40.76246334310851,4.69208211143695,6.650549935878518,0.7777777777777778,0.14592882216958245,0.5923753665689149,0.0469208211143695,0.5555555555555556,43.977317980111174,37.72962600506286,47.55144998184818,34.895536003353556,48.16630824186774,34.895536003353556,48.16630824186774,13.270772238514184,8.0,15.0,7.0,sensitive
PR,Paraná,Sul,2367,11328651.0,194916.794,2.089392638187901,12.14364319987738,84.5826642175919,45.58512885509084,6.337135614702155,58.1204459991272,0.8148148148148149,0.15417335782408104,0.5441487114490917,0.06337135614702155,0.5,43.558248887159564,37.38873405947782,45.968191839228055,34.77786653293317,46.455658393234536,34.77786653293317,46.455658393234536,11.677791860301369,9.0,18.0,9.0,sensitive
MS,Mato Grosso do Sul,Centro-Oeste,695,2739361.0,354296.358,2.5370880289235336,1.9616346155045712,89.9155292248376,10.359712230215829,8.920863309352518,7.731835053184486,0.5555555555555556,0.10084470775162402,0.8964028776978417,0.08920863309352517,0.5,43.176193633039205,37.23954370574841,54.7418234445652,34.9871471855724,46.557251102438904,34.9871471855724,54.7418234445652,19.754676258992802,6.0,11.0,5.0,moderate
RR,Roraima,Norte,168,636707.0,223644.527,2.638576299616621,0.7511920915462421,100.0,6.547619047619048,10.714285714285714,2.8469598990007925,0.5185185185185186,0.0,0.9345238095238095,0.10714285714285714,0.5,40.76058201058201,33.44047619047619,54.0,33.66666666666667,44.82870370370371,33.44047619047619,54.0,20.55952380952381,7.0,13.0,6.0,moderate
SE,Sergipe,Nordeste,592,2205259.0,21754.763,2.684491934960928,27.212431594864995,95.71190560134646,18.41216216216216,14.527027027027026,101.36901974064254,0.4814814814814815,0.042880943986535414,0.8158783783783784,0.14527027027027026,0.5185185185185186,39.38346003609982,33.03318070240436,50.0391242590249,33.72305819295884,43.87226990467056,33.03318070240436,50.0391242590249,17.005943556620544,11.0,13.0,2.0,stable
CE,Ceará,Nordeste,2492,8784351.0,148649.977,2.8368629623292607,16.76421382830083,92.27863007531336,15.12841091492777,7.584269662921349,59.09419683260361,0.40740740740740744,0.07721369924686641,0.8487158908507223,0.07584269662921349,0.5,37.72748593280949,32.608879698071554,49.58192791335639,30.75969677370951,42.22459184534616,30.75969677370951,49.58192791335639,18.822231139646878,12.0,15.0,3.0,moderate
ES,Espírito Santo,Sudeste,942,3796285.0,44753.714,2.48137323725695,21.048532419007728,88.44767038636688,55.838641188959656,10.40339702760085,84.82614426145727,0.5925925925925926,0.1155232961363312,0.4416135881104034,0.1040339702760085,0.5555555555555556,36.42901186790462,31.151717408085943,38.325703831515526,30.903198523659903,41.9234863273872,30.903198523659903,41.9234863273872,11.0202878037273,14.0,23.0,9.0,sensitive
MT,Mato Grosso,Centro-Oeste,1060,3654114.0,902669.075,2.9008399847404878,1.1742952421406485,85.18348371068014,22.765757290686736,4.13922859830668,4.0481214004146535,0.37037037037037035,0.14816516289319864,0.7723424270931326,0.041392285983066796,0.4814814814814815,36.25334338542011,32.769922079645575,46.50182189204413,28.81738580967766,40.469976311750756,28.81738580967766,46.50182189204413,17.684436082366467,14.0,18.0,4.0,moderate
BA,Bahia,Nordeste,4449,14107185.0,562672.519,3.1537120977714546,7.906908281049355,89.16190573128877,10.0472016183412,7.147673634524613,25.07175048298387,0.2592592592592593,0.1083809426871123,0.8995279838165879,0.07147673634524612,0.5,35.75371577016974,32.0511289189927,49.456363823841166,29.212601180550536,40.642785241887665,29.212601180550536,49.456363823841166,20.24376264329063,13.0,17.0,4.0,moderate
MG,Minas Gerais,Sudeste,6137,20518856.0,585655.89,2.9909074852906032,10.478849619355833,91.67189865125692,19.618706208245072,8.61984683069904,35.0356862286487,0.33333333333333337,0.08328101348743075,0.8038129379175493,0.08619846830699039,0.48148148148148145,35.00681667569717,30.612032819474784,46.46373515693739,28.99160798658633,39.54438138896052,28.99160798658633,46.46373515693739,17.472127170351058,17.0,18.0,1.0,stable
PE,Pernambuco,Nordeste,3012,9024453.0,96446.097,3.337598411781855,31.229879629032578,89.05271774879796,10.624169986719789,8.300132802124834,93.56991398003385,0.18518518518518523,0.1094728225120204,0.8937583001328021,0.08300132802124834,0.48148148148148145,33.70885833762712,30.573689350237345,47.827969857894544,27.943729043374844,38.54997074324204,27.943729043374844,47.827969857894544,19.8842408145197,14.0,19.0,5.0,moderate
SC,Santa Catarina,Sul,2057,7610361.0,95730.685,2.70289412026578,21.487363221103035,94.29248387907262,49.343704423918325,8.215848322800195,79.49761353948318,0.4444444444444444,0.0570751612092738,0.5065629557608167,0.08215848322800196,0.5185185185185185,31.679404282757094,26.609263673023897,36.497995153157845,26.772558973176203,37.49754501901787,26.609263673023897,37.49754501901787,10.888281345993974,20.0,25.0,5.0,moderate
MA,Maranhão,Nordeste,2380,6721200.0,327106.638,3.541034339106112,7.275914712559273,91.45401307021297,11.428571428571429,9.033613445378151,20.547427716829155,0.07407407407407407,0.08545986929787035,0.8857142857142857,0.09033613445378151,0.4814814814814815,30.279898537613274,27.556396639328444,45.16199380048958,25.655597908799578,35.83211518237567,25.655597908799578,45.16199380048958,19.506395891690005,20.0,21.0,1.0,stable
RN,Rio Grande do Norte,Nordeste,1135,3300288.0,52514.616,3.439093800298641,21.613030551342124,92.34961440779948,18.06167400881057,9.60352422907489,62.845132486544315,0.11111111111111116,0.07650385592200522,0.8193832599118943,0.0960352422907489,0.46296296296296297,29.463012452871475,26.51703137833885,42.86037826611641,25.154112969983277,34.69286317393171,25.154112969983277,42.86037826611641,17.706265296133136,21.0,23.0,2.0,stable
AL,Alagoas,Nordeste,1001,3127683.0,27830.657,3.200452219742218,35.96753033893523,88.52724499883261,41.05894105894106,10.88911088911089,112.38265054252942,0.2222222222222222,0.11472755001167385,0.5894105894105894,0.10889110889110891,0.48148148148148145,29.06754494964805,26.282963694328647,36.72599056110479,25.350255185369413,34.47028330539754,25.350255185369413,36.72599056110479,11.375735375735374,22.0,24.0,2.0,stable
PI,Piauí,Nordeste,1276,3260944.0,247269.245,3.912977346437106,5.16036678965069,99.51125323786208,3.918495297805643,6.583072100313479,13.187826896951945,0.03703703703703709,0.004887467621379216,0.9608150470219435,0.06583072100313479,0.48148148148148145,28.474096594168525,24.724582647732213,45.75498939454462,23.732349199490642,34.672730019181806,23.732349199490642,45.75498939454462,22.02264019505398,19.0,24.0,5.0,moderate
AC,Acre,Norte,284,830018.0,164173.431,3.4216125433424334,1.729877960581819,94.35124585581632,26.76056338028169,5.633802816901409,5.055738891148592,0.14814814814814814,0.05648754144183684,0.7323943661971831,0.05633802816901409,0.42592592592592593,26.997738875117385,23.896434365028718,38.766384509646336,22.297683414184675,31.901230623365684,22.297683414184675,38.766384509646336,16.46870109546166,22.0,26.0,4.0,moderate
TO,Tocantins,Norte,458,1499906.0,273597.827,3.053524687547086,1.6739899034358925,98.26683106523416,49.34497816593886,5.458515283842795,5.482156113761825,0.2962962962962963,0.017331689347658427,0.5065502183406114,0.05458515283842795,0.48148148148148145,26.01270352270974,21.57730444920959,32.34011208705456,21.869709369926944,32.246953426210304,21.57730444920959,32.34011208705456,10.762807637844968,25.0,27.0,2.0,stable
PB,Paraíba,Nordeste,1788,3951469.0,55734.466,4.524899474094318,32.08068773817623,96.59340638110224,31.43176733780761,8.333333333333332,70.89812253695945,0.0,0.03406593618897759,0.6856823266219239,0.08333333333333331,0.40740740740740744,21.92640604827403,19.593808215642625,33.92936880516744,19.24051720188631,27.362378996566893,19.24051720188631,33.92936880516744,14.688851603281133,26.0,27.0,1.0,stable
