ibge_municipio,ibge_municipio_7,municipio_nome_ibge,uf_sigla,populacao_residente,telemedicine_precision_index,phase5_precision_rank,phase2_rank_balanced,phase2_need_pillar,phase2_feasibility_pillar,phase5_spatial_precision_mismatch_score,phase5_weighted_p90_ubs_km,phase5_population_share_pharmacy_le_2km,phase5_population_share_hard_ubs_easy_pharmacy,phase5_precision_status,phase5_evidence_grade
520870,5208707,Goiânia,GO,1437366.0,83.89464375248167,1.0,1.0,96.9715015667531,78.89887181704174,72.12508643619327,1.8004858980335618,0.5881202143365016,0.0,intramunicipal_population_weighted_ready,A_intramunicipal_population_weighted
317010,3170107,Uberaba,MG,337836.0,83.28140092892156,2.0,4.0,93.11418746756073,76.81161515196119,75.56165254094796,2.1272611804539605,1.0,0.0,municipal_single_origin_proxy_not_intramunicipal,B2_municipal_population_proxy
410690,4106902,Curitiba,PR,1773718.0,82.91492162018943,3.0,2.0,93.9641751676958,73.94455576577295,75.3694722920272,1.7445607709367053,1.0,0.0,municipal_single_origin_proxy_not_intramunicipal,B2_municipal_population_proxy
520510,5205109,Catalão,GO,114427.0,82.58995287000242,4.0,15.0,91.89160200301134,83.35929094491549,71.62013417300614,1.3862505734483703,0.1983273178533038,0.0,intramunicipal_population_weighted_ready,A_intramunicipal_population_weighted
352690,3526902,Limeira,SP,291869.0,82.01570361502786,5.0,3.0,94.3734432240404,72.48598368445084,73.48222166249111,0.916744078766233,1.0,0.0,municipal_single_origin_proxy_not_intramunicipal,B2_municipal_population_proxy
350160,3501608,Americana,SP,237240.0,81.56626123679183,6.0,7.0,94.7510478278482,68.04473034130739,74.61485110950443,1.1919589253120957,1.0,0.0,municipal_single_origin_proxy_not_intramunicipal,B2_municipal_population_proxy
411370,4113700,Londrina,PR,555965.0,81.49595728282402,7.0,9.0,91.92676243496032,75.54213660296195,72.89745508951744,0.8353671196332937,1.0,0.0,municipal_single_origin_proxy_not_intramunicipal,B2_municipal_population_proxy
350600,3506003,Bauru,SP,379146.0,81.45892505243239,8.0,5.0,95.83843413056246,67.8825366372441,73.35200343608544,0.8919635391664683,1.0,0.0,municipal_single_origin_proxy_not_intramunicipal,B2_municipal_population_proxy
521250,5212501,Luziânia,GO,209129.0,80.89096744619224,9.0,23.0,91.163923868605,75.51287202790591,72.14656357311004,1.967903912580012,0.3541354857528128,0.0,intramunicipal_population_weighted_ready,A_intramunicipal_population_weighted
430510,4305108,Caxias do Sul,RS,463501.0,80.55973784646982,10.0,8.0,94.23509853248169,68.74735904309117,72.09705338525906,0.7531565903746147,1.0,0.0,municipal_single_origin_proxy_not_intramunicipal,B2_municipal_population_proxy
354980,3549805,São José do Rio Preto,SP,480393.0,80.51383586791275,11.0,6.0,92.32224233998308,68.38058058546191,74.12912521784634,1.0549219080799124,1.0,0.0,municipal_single_origin_proxy_not_intramunicipal,B2_municipal_population_proxy
317020,3170206,Uberlândia,MG,713224.0,80.16900290579645,12.0,13.0,93.48721325083092,73.11635398628532,69.3494605081124,0.5845010904843847,1.0,0.0,municipal_single_origin_proxy_not_intramunicipal,B2_municipal_population_proxy
530010,5300108,Brasília,DF,2817381.0,80.06051554680397,13.0,20.0,90.55342071292888,67.16786914970346,75.54841791027694,2.056952913986381,1.0,0.0,municipal_single_origin_proxy_not_intramunicipal,B2_municipal_population_proxy
354580,3545803,Santa Bárbara d'Oeste,SP,183347.0,80.01914667894474,14.0,18.0,92.56222086358552,66.50494313027198,73.75544743821129,0.9593678539435434,1.0,0.0,municipal_single_origin_proxy_not_intramunicipal,B2_municipal_population_proxy
355170,3551702,Sertãozinho,SP,126887.0,80.0019710035148,15.0,14.0,93.80168258422512,65.97292653097323,72.79366451299897,0.8180885397275987,1.0,0.0,municipal_single_origin_proxy_not_intramunicipal,B2_municipal_population_proxy
330580,3305802,Teresópolis,RJ,165123.0,79.68094074531636,16.0,10.0,89.40195460381251,70.74815837240726,73.55064442210626,0.9308746268808932,1.0,0.0,municipal_single_origin_proxy_not_intramunicipal,B2_municipal_population_proxy
352430,3524303,Jaboticabal,SP,71821.0,79.524553698933,17.0,16.0,82.85785036132299,85.51278302041503,72.36970673459501,0.7771027511799367,1.0,0.0,municipal_single_origin_proxy_not_intramunicipal,B2_municipal_population_proxy
520140,5201405,Aparecida de Goiânia,GO,527796.0,79.1519295926276,18.0,282.0,92.1875981165693,66.69551351862803,71.75089248204365,1.474085098321318,0.3584794125002842,0.0,intramunicipal_population_weighted_ready,A_intramunicipal_population_weighted
354140,3541406,Presidente Prudente,SP,225668.0,79.07357773852785,19.0,12.0,90.09193426128346,79.55538320929844,66.63192001935393,0.4866592516701267,1.0,0.0,municipal_single_origin_proxy_not_intramunicipal,B2_municipal_population_proxy
240810,2408102,Natal,RN,751300.0,79.00102194054026,20.0,25.0,86.90516316774769,70.68171501414228,74.47358094570691,1.1489493835149525,1.0,0.0,municipal_single_origin_proxy_not_intramunicipal,B2_municipal_population_proxy
354520,3545209,Salto,SP,134319.0,78.9276220967565,21.0,22.0,90.62388681227802,70.34860640987206,70.57077519319715,0.6482236002201259,1.0,0.0,municipal_single_origin_proxy_not_intramunicipal,B2_municipal_population_proxy
353030,3530300,Mirassol,SP,63337.0,78.84508902082553,22.0,11.0,89.1918717207288,75.77046775984768,68.8327440617688,0.5635649543668908,1.0,0.0,municipal_single_origin_proxy_not_intramunicipal,B2_municipal_population_proxy
430310,4303103,Cachoeirinha,RS,136258.0,78.74625880420153,23.0,24.0,86.97121899534378,67.2885876148004,75.81916377662759,2.995641226921528,1.0,0.0,municipal_single_origin_proxy_not_intramunicipal,B2_municipal_population_proxy
521150,5211503,Itumbiara,GO,107970.0,78.6767645772407,24.0,177.0,82.34924437026943,82.6919163777775,72.11409370704295,1.947211325926072,0.2226914883764008,0.0,intramunicipal_population_weighted_ready,A_intramunicipal_population_weighted
520025,5200258,Águas Lindas de Goiás,GO,225693.0,78.64998687293406,25.0,94.0,90.432315558938,67.75096621008439,71.57661886280404,1.3533424538975865,0.3740390707731298,0.0,intramunicipal_population_weighted_ready,A_intramunicipal_population_weighted
320130,3201308,Cariacica,ES,353491.0,78.17604085299581,26.0,30.0,88.53152321935745,72.68537734111773,69.45224040293706,0.5885621064553601,1.0,0.0,municipal_single_origin_proxy_not_intramunicipal,B2_municipal_population_proxy
350280,3502804,Araçatuba,SP,200124.0,78.0991629613382,27.0,26.0,78.17288057585269,83.67581339068839,74.98998274440493,1.4236623882978592,1.0,0.0,municipal_single_origin_proxy_not_intramunicipal,B2_municipal_population_proxy
520450,5204508,Caldas Novas,GO,98622.0,78.05969344171213,28.0,17.0,84.72723985948997,74.5675033013333,72.1138527298495,1.8978965169683817,0.4732311249011376,0.0,intramunicipal_population_weighted_ready,A_intramunicipal_population_weighted
352230,3522307,Itapetininga,SP,157790.0,77.75045656569999,29.0,21.0,88.12824230031482,66.83222672757736,72.16008516404335,0.7586345692941929,1.0,0.0,municipal_single_origin_proxy_not_intramunicipal,B2_municipal_population_proxy
350330,3503307,Araras,SP,130866.0,77.69292261419693,30.0,28.0,87.68851949141076,85.14091006218743,63.10800971407971,0.3985720243953426,1.0,0.0,municipal_single_origin_proxy_not_intramunicipal,B2_municipal_population_proxy
352530,3525300,Jaú,SP,133497.0,77.64469232545702,31.0,33.0,90.45019845893854,70.8592530465365,67.23047970780478,0.5056396414586567,1.0,0.0,municipal_single_origin_proxy_not_intramunicipal,B2_municipal_population_proxy
355670,3556701,Vinhedo,SP,76540.0,77.46885904927235,32.0,27.0,89.88473642253643,73.92017362532357,65.72940138318808,0.4612512215676232,1.0,0.0,municipal_single_origin_proxy_not_intramunicipal,B2_municipal_population_proxy
352050,3520509,Indaiatuba,SP,255748.0,77.14749532516736,33.0,45.0,90.86918018617038,55.83307841251583,75.19000588646003,1.5647893228131518,1.0,0.0,municipal_single_origin_proxy_not_intramunicipal,B2_municipal_population_proxy
355700,3557006,Votorantim,SP,127923.0,77.02661559462636,34.0,29.0,89.67676830288437,74.88164122635706,64.37869882612732,0.4296992947433445,1.0,0.0,municipal_single_origin_proxy_not_intramunicipal,B2_municipal_population_proxy
320520,3205200,Vila Velha,ES,467722.0,76.91975903685501,35.0,19.0,80.73192184582751,79.32285345415768,71.02216543516299,0.6776711175960818,1.0,0.0,municipal_single_origin_proxy_not_intramunicipal,B2_municipal_population_proxy
353870,3538709,Piracicaba,SP,423323.0,76.5827939220089,36.0,47.0,89.57111866960093,65.46463468658352,68.48312862634837,0.5500887013369092,1.0,0.0,municipal_single_origin_proxy_not_intramunicipal,B2_municipal_population_proxy
431690,4316907,Santa Maria,RS,271735.0,76.24154909400349,37.0,32.0,91.92992330852184,72.05102936833198,61.906655566652326,0.3766506284955533,1.0,0.0,municipal_single_origin_proxy_not_intramunicipal,B2_municipal_population_proxy
312710,3127107,Frutal,MG,58588.0,76.00508561008643,38.0,38.0,76.63386445312437,79.60401537400107,73.24212643072826,0.8770539515853494,1.0,0.0,municipal_single_origin_proxy_not_intramunicipal,B2_municipal_population_proxy
351880,3518800,Guarulhos,SP,1291771.0,75.93988168801188,39.0,41.0,97.2805222101596,47.37836152630626,72.3208614492059,0.7747576720673637,1.0,0.0,municipal_single_origin_proxy_not_intramunicipal,B2_municipal_population_proxy
350320,3503208,Araraquara,SP,242228.0,75.84594744960017,40.0,31.0,87.28789743769134,67.91298956958506,67.43616226098987,0.5123249959348796,1.0,0.0,municipal_single_origin_proxy_not_intramunicipal,B2_municipal_population_proxy
353080,3530805,Mogi Mirim,SP,92558.0,75.83474333700713,41.0,50.0,80.60944889016137,69.13876382270833,73.91199360944256,1.002966659838102,1.0,0.0,municipal_single_origin_proxy_not_intramunicipal,B2_municipal_population_proxy
520800,5208004,Formosa,GO,115901.0,75.81483884324072,42.0,82.0,80.74261253716175,71.70847670446054,72.17902687225883,2.0239384522184456,0.4163725938516492,0.0,intramunicipal_population_weighted_ready,A_intramunicipal_population_weighted
355620,3556206,Valinhos,SP,126373.0,75.78825407932904,43.0,37.0,91.26080958945936,57.759185746812925,69.70838034971474,0.6004961990507622,1.0,0.0,municipal_single_origin_proxy_not_intramunicipal,B2_municipal_population_proxy
354880,3548807,São Caetano do Sul,SP,165655.0,75.69342166569245,44.0,49.0,79.20553540727907,72.94304644471903,72.93201183778218,0.8383444402295216,1.0,0.0,municipal_single_origin_proxy_not_intramunicipal,B2_municipal_population_proxy
354780,3547809,Santo André,SP,748919.0,75.66803453051261,45.0,55.0,94.76289528631892,61.398182886940425,63.84487114469225,0.4169215302460208,1.0,0.0,municipal_single_origin_proxy_not_intramunicipal,B2_municipal_population_proxy
355410,3554102,Taubaté,SP,310739.0,75.56849914933599,46.0,51.0,91.6718264133934,49.79455740719093,74.81610037610731,1.3291005523764643,1.0,0.0,municipal_single_origin_proxy_not_intramunicipal,B2_municipal_population_proxy
410430,4104303,Campo Mourão,PR,99432.0,75.42751671410127,47.0,36.0,77.60613326121162,72.22580810170432,74.54089326387236,1.1652831467313056,1.0,0.0,municipal_single_origin_proxy_not_intramunicipal,B2_municipal_population_proxy
431140,4311403,Lajeado,RS,93646.0,75.19435303013785,48.0,42.0,73.58929808347476,78.24066614171447,75.57488433905698,2.1427974984634486,1.0,0.0,municipal_single_origin_proxy_not_intramunicipal,B2_municipal_population_proxy
352940,3529401,Mauá,SP,418261.0,75.18727840290828,49.0,40.0,89.90252371881759,57.61058761605453,69.56947597243182,0.5951247635119024,1.0,0.0,municipal_single_origin_proxy_not_intramunicipal,B2_municipal_population_proxy
355650,3556503,Várzea Paulista,SP,115771.0,75.09187243699049,50.0,46.0,89.31397169796078,58.16253864629544,69.5255409472948,0.5941641014187187,1.0,0.0,municipal_single_origin_proxy_not_intramunicipal,B2_municipal_population_proxy
350760,3507605,Bragança Paulista,SP,176811.0,74.99359810328366,51.0,66.0,81.69408167601208,62.28153177334943,74.7021404862123,1.266111352601258,1.0,0.0,municipal_single_origin_proxy_not_intramunicipal,B2_municipal_population_proxy
211130,2111300,São Luís,MA,1037775.0,74.97719804604156,52.0,73.0,95.46354246714056,44.50768184992916,74.04100936039892,1.033988816966465,1.0,0.0,municipal_single_origin_proxy_not_intramunicipal,B2_municipal_population_proxy
431340,4313409,Novo Hamburgo,RS,227646.0,74.96040013936619,53.0,60.0,76.06934904976336,71.29871148203816,75.69384333798281,2.455153124800249,1.0,0.0,municipal_single_origin_proxy_not_intramunicipal,B2_municipal_population_proxy
352390,3523909,Itu,SP,168240.0,74.88709731088349,54.0,78.0,91.03570697307477,55.12384172481261,69.40821465397885,0.5871493104131345,1.0,0.0,municipal_single_origin_proxy_not_intramunicipal,B2_municipal_population_proxy
353390,3533908,Olímpia,SP,55074.0,74.85350102624093,55.0,34.0,73.96647552695039,86.60125903059004,69.93429035193456,0.6123580881300544,1.0,0.0,municipal_single_origin_proxy_not_intramunicipal,B2_municipal_population_proxy
355400,3554003,Tatuí,SP,123942.0,74.83297499361714,56.0,59.0,75.43272281437362,72.8122858232336,75.23658445907668,1.5868798230191898,1.0,0.0,municipal_single_origin_proxy_not_intramunicipal,B2_municipal_population_proxy
351870,3518701,Guarujá,SP,287634.0,74.77867237631713,57.0,48.0,87.1684403828804,51.99795981158278,75.56826879396594,2.1408238261725367,1.0,0.0,municipal_single_origin_proxy_not_intramunicipal,B2_municipal_population_proxy
311860,3118601,Contagem,MG,621863.0,74.74737918636298,58.0,71.0,85.07338893676607,71.16931105170951,65.09010382910184,0.4444157458383361,1.0,0.0,municipal_single_origin_proxy_not_intramunicipal,B2_municipal_population_proxy
330070,3300704,Cabo Frio,RJ,222161.0,74.53726709997825,59.0,81.0,90.7600566981096,46.3800298929621,75.88502032663261,3.5680319721789413,1.0,0.0,municipal_single_origin_proxy_not_intramunicipal,B2_municipal_population_proxy
330020,3300209,ARARUAMA,RJ,137906.0,74.39768190004524,60.0,70.0,79.49227258593082,61.62477508730303,76.08873310274392,4.393931101864437,1.0,0.0,municipal_single_origin_proxy_not_intramunicipal,B2_municipal_population_proxy
330452,3304524,Rio das Ostras,RJ,156491.0,74.26518934552358,61.0,56.0,87.57821751950634,51.49319497198193,74.06135516248085,1.043578906581836,1.0,0.0,municipal_single_origin_proxy_not_intramunicipal,B2_municipal_population_proxy
352670,3526704,Leme,SP,98161.0,74.24265721036542,62.0,87.0,86.63670932053252,57.28420362329479,70.59953980502036,0.6488266975222169,1.0,0.0,municipal_single_origin_proxy_not_intramunicipal,B2_municipal_population_proxy
314790,3147907,Passos,MG,111939.0,74.17998766696267,63.0,35.0,72.68565965227857,82.26846164006844,71.77383360091919,0.7314898710197156,1.0,0.0,municipal_single_origin_proxy_not_intramunicipal,B2_municipal_population_proxy
353060,3530607,Mogi das Cruzes,SP,451505.0,74.16501569490099,64.0,79.0,92.07516345800283,54.54166155028246,66.93969085303951,0.4939708870280083,1.0,0.0,municipal_single_origin_proxy_not_intramunicipal,B2_municipal_population_proxy
313420,3134202,Ituiutaba,MG,102217.0,74.1361273269778,65.0,64.0,87.7278394970176,60.876962723534966,66.82447979891167,0.4916615074955957,1.0,0.0,municipal_single_origin_proxy_not_intramunicipal,B2_municipal_population_proxy
520110,5201108,Anápolis,GO,398869.0,74.10254366332664,66.0,39.0,73.18995229340425,81.22145616989658,71.44765973490894,1.273030886944961,0.512586839288087,0.0,intramunicipal_population_weighted_ready,A_intramunicipal_population_weighted
351620,3516200,Franca,SP,352536.0,73.9427391520205,67.0,52.0,96.93710020106278,80.3226680131686,49.792507370344715,0.224359418276525,1.0,0.0,municipal_single_origin_proxy_not_intramunicipal,B2_municipal_population_proxy
430160,4301602,Bagé,RS,117938.0,73.75649995767937,68.0,54.0,76.25814804534345,70.10880956618489,72.73823550962909,0.81420877841823,1.0,0.0,municipal_single_origin_proxy_not_intramunicipal,B2_municipal_population_proxy
410765,4107652,Fazenda Rio Grande,PR,148873.0,73.64007631194893,69.0,69.0,87.85873925728175,55.770585335781576,68.78823319813343,0.5630537621873838,1.0,0.0,municipal_single_origin_proxy_not_intramunicipal,B2_municipal_population_proxy
351040,3510401,Capivari,SP,50068.0,73.60976293718717,70.0,72.0,86.63335551616134,74.38514677491644,59.34321036670249,0.3363180056045654,1.0,0.0,municipal_single_origin_proxy_not_intramunicipal,B2_municipal_population_proxy
270430,2704302,Maceió,AL,957916.0,73.55510031583262,71.0,99.0,93.01896315422576,45.92092768202853,71.19320428922208,0.6867786004999735,1.0,0.0,municipal_single_origin_proxy_not_intramunicipal,B2_municipal_population_proxy
431410,4314100,Passo Fundo,RS,206215.0,73.522182159652,72.0,62.0,73.193101923891,75.68707149943204,72.73130325371056,0.8138624220284792,1.0,0.0,municipal_single_origin_proxy_not_intramunicipal,B2_municipal_population_proxy
330350,3303500,Nova Iguaçu,RJ,785867.0,73.4324582791844,73.0,93.0,93.02817825857824,48.44275694207344,68.7139700978251,0.5586894557128962,1.0,0.0,municipal_single_origin_proxy_not_intramunicipal,B2_municipal_population_proxy
350700,3507001,Boituva,SP,61081.0,73.3760631748105,74.0,67.0,78.97430887734903,67.63041864373164,69.94156292665423,0.6126657517478743,1.0,0.0,municipal_single_origin_proxy_not_intramunicipal,B2_municipal_population_proxy
420200,4202008,Balneário Camboriú,SC,139155.0,73.37375775245806,75.0,84.0,75.66030103375367,72.62329058970862,70.95075046380626,0.6713881921255813,1.0,0.0,municipal_single_origin_proxy_not_intramunicipal,B2_municipal_population_proxy
350530,3505302,Barra Bonita,SP,34346.0,73.36741480195404,76.0,63.0,68.33965593314521,86.84565000969671,72.99416360466414,0.8423181771598245,1.0,0.0,municipal_single_origin_proxy_not_intramunicipal,B2_municipal_population_proxy
354870,3548708,São Bernardo do Campo,SP,810729.0,73.34048482787084,77.0,76.0,86.79496903935072,50.67378732658876,72.95273628429196,0.840059486621881,1.0,0.0,municipal_single_origin_proxy_not_intramunicipal,B2_municipal_population_proxy
330490,3304904,São Gonçalo,RJ,896744.0,73.31328685223721,78.0,85.0,85.72700373421021,55.55597140072738,70.25341376235636,0.631038490425948,1.0,0.0,municipal_single_origin_proxy_not_intramunicipal,B2_municipal_population_proxy
354990,3549904,São José dos Campos,SP,697054.0,73.25031502507952,79.0,92.0,92.74244786858856,59.39158993102526,60.96939377875543,0.3601656166312756,1.0,0.0,municipal_single_origin_proxy_not_intramunicipal,B2_municipal_population_proxy
330510,3305109,São João de Meriti,RJ,440962.0,73.17621149101929,80.0,107.0,92.28778586854854,44.32381985674924,72.31388025924905,0.7738983205224722,1.0,0.0,municipal_single_origin_proxy_not_intramunicipal,B2_municipal_population_proxy
430210,4302105,Bento Gonçalves,RS,123151.0,73.12847960305503,81.0,61.0,86.59660700680676,78.57566975112131,56.47642964316909,0.2980041229150278,1.0,0.0,municipal_single_origin_proxy_not_intramunicipal,B2_municipal_population_proxy
410480,4104808,Cascavel,PR,348051.0,73.05535578029769,82.0,57.0,71.37729304014971,76.93688490480565,73.07693215131117,0.8585879149859066,1.0,0.0,municipal_single_origin_proxy_not_intramunicipal,B2_municipal_population_proxy
430463,4304630,Capão da Canoa,RS,63594.0,73.05309755277847,83.0,74.0,74.57733042042888,79.48061293889056,67.79238468240113,0.5263404091463036,1.0,0.0,municipal_single_origin_proxy_not_intramunicipal,B2_municipal_population_proxy
411520,4115200,Maringá,PR,409657.0,72.96337691000865,84.0,68.0,70.73005650684901,75.07831714864324,74.70884989104691,1.2673453963981494,1.0,0.0,municipal_single_origin_proxy_not_intramunicipal,B2_municipal_population_proxy
431870,4318705,São Leopoldo,RS,217409.0,72.8702266037117,85.0,80.0,86.06094049241312,68.97992272173967,60.71070227583345,0.3554127665122195,1.0,0.0,municipal_single_origin_proxy_not_intramunicipal,B2_municipal_population_proxy
522140,5221403,Trindade,GO,142431.0,72.78960307775952,86.0,111.0,79.93040127760744,60.515283756818285,71.72086868662682,1.4258928529552768,0.5350099346350162,0.0,intramunicipal_population_weighted_ready,A_intramunicipal_population_weighted
355220,3552205,Sorocaba,SP,723682.0,72.73453775080134,87.0,75.0,70.68013974788923,72.30414944309177,75.7202476563969,2.5174707214844694,1.0,0.0,municipal_single_origin_proxy_not_intramunicipal,B2_municipal_population_proxy
317070,3170701,Varginha,MG,136467.0,72.58549535088343,88.0,91.0,77.61218122141472,68.48600931713723,68.84757320100093,0.5640122575478009,1.0,0.0,municipal_single_origin_proxy_not_intramunicipal,B2_municipal_population_proxy
500370,5003702,Dourados,MS,243367.0,72.54377578495101,89.0,98.0,79.22208007150373,65.75240605442193,68.52042542327538,0.5510636172007646,1.0,0.0,municipal_single_origin_proxy_not_intramunicipal,B2_municipal_population_proxy
500270,5002704,Campo Grande,MS,898100.0,72.45056245383084,90.0,103.0,80.54024001414662,53.11106741783964,75.50869700578782,1.9848937800168576,1.0,0.0,municipal_single_origin_proxy_not_intramunicipal,B2_municipal_population_proxy
354330,3543303,Ribeirão Pires,SP,115559.0,72.41031370661881,91.0,110.0,90.51760249699905,57.08041238148907,62.25997901421656,0.3824765535297098,1.0,0.0,municipal_single_origin_proxy_not_intramunicipal,B2_municipal_population_proxy
353440,3534401,Osasco,SP,728615.0,72.4048153442642,92.0,109.0,93.17126388767956,39.54332465003733,73.97314061587778,1.0153689152564065,1.0,0.0,municipal_single_origin_proxy_not_intramunicipal,B2_municipal_population_proxy
352310,3523107,Itaquaquecetuba,SP,369275.0,72.30236690804381,93.0,112.0,97.62845920830242,34.420026841464875,75.10340913071974,1.50437171608902,1.0,0.0,municipal_single_origin_proxy_not_intramunicipal,B2_municipal_population_proxy
330390,3303906,Petrópolis,RJ,278881.0,72.00310315383332,94.0,102.0,82.5053476647193,59.52634998218678,67.38291082936453,0.5102333562135708,1.0,0.0,municipal_single_origin_proxy_not_intramunicipal,B2_municipal_population_proxy
355370,3553708,Taquaritinga,SP,52260.0,71.96356850358164,95.0,77.0,64.62970049986438,87.43800938402936,73.92558717546045,1.0068072123010965,1.0,0.0,municipal_single_origin_proxy_not_intramunicipal,B2_municipal_population_proxy
351907,3519071,Hortolândia,SP,236641.0,71.94976750066937,96.0,43.0,91.80631695030758,57.09447497433777,60.02565746390569,1.2823486922121474,0.0,0.0,municipal_single_origin_proxy_not_intramunicipal,B2_municipal_population_proxy
432240,4322400,Uruguaiana,RS,117210.0,71.92073762991073,97.0,100.0,82.99546393072184,58.62343022475076,67.23811129642979,0.5059042835453456,1.0,0.0,municipal_single_origin_proxy_not_intramunicipal,B2_municipal_population_proxy
351340,3513405,Cruzeiro,SP,74961.0,71.88650190377275,98.0,89.0,82.36154877033435,54.008154021287325,71.0649723217569,0.680532033051276,1.0,0.0,municipal_single_origin_proxy_not_intramunicipal,B2_municipal_population_proxy
353070,3530706,Mogi Guaçu,SP,153658.0,71.88249693390624,99.0,97.0,87.82174696033607,63.44904040969334,59.671019574931194,0.3413388803646147,1.0,0.0,municipal_single_origin_proxy_not_intramunicipal,B2_municipal_population_proxy
352720,3527207,Lorena,SP,84855.0,71.87199546936587,100.0,106.0,82.23352563385853,57.35017832463283,68.76596456000387,0.5612888625071534,1.0,0.0,municipal_single_origin_proxy_not_intramunicipal,B2_municipal_population_proxy
